<CommandList>
    <StartRouting>
        <XmlLoginId>HJHH3K9HTYHJ45T0</XmlLoginId>
        <LoginId>HJHH3K9HTYHJ45T0</LoginId>
        <Mode>plane</Mode>
        <Origin>
            <Descriptor>YYZ</Descriptor>
            <Type>airportcode</Type>
            <Radius>1000</Radius>
        </Origin>
        <Destination>
            <Descriptor>YUL</Descriptor>
            <Type>airportcode</Type>
            <Radius>1000</Radius>
        </Destination>
        <OutwardDates>
            <DateOfSearch>26/07/2023-00:00</DateOfSearch>
        </OutwardDates>
        <ReturnDates>
            <DateOfSearch>29/07/2023-00:00</DateOfSearch>
        </ReturnDates>
        <MaxChanges>8</MaxChanges>
        <MaxHops>8</MaxHops>
        <SupplierList>
            <Supplier>airtransat</Supplier>
        </SupplierList>
        <Timeout>50</Timeout>
        <TravelClass>Economy With Restrictions</TravelClass>
        <TravellerList>
            <Traveller>
                <Age>30</Age>
            </Traveller>
        </TravellerList>
        <IncrementalResults>true</IncrementalResults>
    </StartRouting>
</CommandList>