<CommandList>
<StartRouting millis="11">
<LoginId>HJHH3K9HTYHJ45T0</LoginId>
<RoutingId>Z03OM8O96H9UKH93</RoutingId>
<RouterList>
<Router>
<Supplier>airtransat</Supplier>
<Vendor>
<Name>airtransat</Name>
<Url>https://www.airtransat.com/en-CA/home</Url>
</Vendor>
<Complete>false</Complete>
<RequestedLocations>
<Origin>
<Type>airport</Type>
<Code>YTZ</Code>
</Origin>
<Destination>
<Type>airport</Type>
<Code>LGW</Code>
</Destination>
</RequestedLocations>
</Router>
</RouterList>
<Summary>
<Origin>
<Location>
<Id>10009144</Id>
<Name>Toronto Island Airport</Name>
<Country>
<Name>Canada</Name>
<Code>CA</Code>
</Country>
<Type>Airport</Type>
<City>
<Name>Toronto</Name>
<Code>YTO</Code>
</City>
<Airport>
<Name>Toronto Island Airport</Name>
<Code>YTZ</Code>
</Airport>
</Location>
</Origin>
<Destination>
<Location>
<Id>10004579</Id>
<Name>Gatwick Airport</Name>
<Country>
<Name>United Kingdom</Name>
<Code>GB</Code>
</Country>
<Type>Airport</Type>
<City>
<Name>London</Name>
<Code>LON</Code>
</City>
<Airport>
<Name>Gatwick Airport</Name>
<Code>LGW</Code>
</Airport>
</Location>
</Destination>
<Distance>5727957</Distance>
<OutwardDate>19/11/2023-00:00</OutwardDate>
</Summary>
</StartRouting>
<GeneralInfoItemList>
<GeneralInfoItem>
<Name>ServerAddress</Name>
<Value>10.5.0.127</Value>
</GeneralInfoItem>
<GeneralInfoItem>
<Name>ClientAddress</Name>
<Value>0:0:0:0:0:0:0:1</Value>
</GeneralInfoItem>
<GeneralInfoItem>
<Name>StartTime</Name>
<Value>06/07/23-09:53:04</Value>
</GeneralInfoItem>
<GeneralInfoItem>
<Name>EndTime</Name>
<Value>06/07/23-09:53:04</Value>
</GeneralInfoItem>
</GeneralInfoItemList>
</CommandList>