<CommandList>
<StartRouting>
<XmlLoginId>HJHH3K9HTYHJ45T0</XmlLoginId>
<LoginId>HJHH3K9HTYHJ45T0</LoginId>
<Mode>plane</Mode>
<Origin>
<Descriptor>YTZ</Descriptor>
<Type>airportcode</Type>
<Radius>1000</Radius>
</Origin>
<Destination>
<Descriptor>LGW</Descriptor>
<Type>airportcode</Type>
<Radius>1000</Radius>
</Destination>
<OutwardDates>
<DateOfSearch>19/11/2023-00:00</DateOfSearch>
</OutwardDates>
<MaxChanges>8</MaxChanges>
<MaxHops>8</MaxHops>
<SupplierList>
<Supplier>airtransat</Supplier>
</SupplierList>
<Timeout>50</Timeout>
<TravelClass>Economy With Restrictions</TravelClass>
<TravellerList>
<Traveller>
<Age>30</Age>
</Traveller>
</TravellerList>
<IncrementalResults>false</IncrementalResults>
<BookingProfile>
<CustomSupplierParameterList>
<CustomSupplierParameter>
<Name>IncludeStructuredFeatures</Name>
<Value>y</Value>
</CustomSupplierParameter>
</CustomSupplierParameterList>
</BookingProfile>
</StartRouting>
</CommandList>